year,count,value,kg,litre,nbr,sourceType,productClassification,partnerClassification,partner,product,kind,region,nb_region
1716,26,87757430,0,0,0,Best Guess national partner,,,,,total,$all$,
1717,26,114217094,0,0,0,Best Guess national partner,,,,,total,$all$,
1718,26,136318338,0,0,0,Best Guess national partner,,,,,total,$all$,
1719,27,174209394,0,0,0,Best Guess national partner,,,,,total,$all$,
1720,29,263169327,0,0,0,Best Guess national partner,,,,,total,$all$,
1721,25,146462061,0,0,0,Best Guess national partner,,,,,total,$all$,
1722,26,195070366,0,0,0,Best Guess national partner,,,,,total,$all$,
1723,24,277789928,0,0,0,Best Guess national partner,,,,,total,$all$,
1724,25,225666073,0,0,0,Best Guess national partner,,,,,total,$all$,
1725,27,200195539,0,0,0,Best Guess national partner,,,,,total,$all$,
1726,29,191577707.34375,0,0,0,Best Guess national partner,,,,,total,$all$,
1727,30,207346647,0,0,0,Best Guess national partner,,,,,total,$all$,
1728,30,221728797,0,0,0,Best Guess national partner,,,,,total,$all$,
1729,29,221138108,0,0,0,Best Guess national partner,,,,,total,$all$,
1730,29,220317768,0,0,0,Best Guess national partner,,,,,total,$all$,
1731,29,219514824.30371094,0,0,0,Best Guess national partner,,,,,total,$all$,
1732,29,240754999,0,0,0,Best Guess national partner,,,,,total,$all$,
1733,31,226767635,0,0,0,Best Guess national partner,,,,,total,$all$,
1734,33,219573380,0,0,0,Best Guess national partner,,,,,total,$all$,
1735,33,245861358,0,0,0,Best Guess national partner,,,,,total,$all$,
1736,33,264311450,0,0,0,Best Guess national partner,,,,,total,$all$,
1737,33,249230252,0,0,0,Best Guess national partner,,,,,total,$all$,
1738,33,287696391,0,0,0,Best Guess national partner,,,,,total,$all$,
1739,33,336174157,0,0,0,Best Guess national partner,,,,,total,$all$,
1740,33,384396676,0,0,0,Best Guess national partner,,,,,total,$all$,
1741,33,407540519,0,0,0,Best Guess national partner,,,,,total,$all$,
1742,33,387544851,0,0,0,Best Guess national partner,,,,,total,$all$,
1743,33,412443944,0,0,0,Best Guess national partner,,,,,total,$all$,
1744,34,308922825,0,0,0,Best Guess national partner,,,,,total,$all$,
1745,35,327142936,0,0,0,Best Guess national partner,,,,,total,$all$,
1746,35,298944419,0,0,0,Best Guess national partner,,,,,total,$all$,
1747,34,316804251,0,0,0,Best Guess national partner,,,,,total,$all$,
1748,34,315987428,0,0,0,Best Guess national partner,,,,,total,$all$,
1749,34,468452512,0,0,0,Best Guess national partner,,,,,total,$all$,
1750,34,463536371,0,0,0,Best Guess national partner,,,,,total,$all$,
1751,34,469970354,0,0,0,Best Guess national partner,,,,,total,$all$,
1752,34,549413978,0,0,0,Best Guess national partner,,,,,total,$all$,
1753,34,534618816,0,0,0,Best Guess national partner,,,,,total,$all$,
1754,34,545930841,0,0,0,Best Guess national partner,,,,,total,$all$,
1755,34,516686816,0,0,0,Best Guess national partner,,,,,total,$all$,
1756,34,414468810,0,0,0,Best Guess national partner,,,,,total,$all$,
1757,35,336114567.33668804,0,0,0,Best Guess national partner,,,,,total,$all$,
1758,34,292066751,0,0,0,Best Guess national partner,,,,,total,$all$,
1759,39,319997399,0,0,0,Best Guess national partner,,,,,total,$all$,
1760,41,296731490,0,0,0,Best Guess national partner,,,,,total,$all$,
1761,41,312605172.0131836,0,0,0,Best Guess national partner,,,,,total,$all$,
1762,41,337879819.8053212,0,0,0,Best Guess national partner,,,,,total,$all$,
1763,42,443749985,0,0,0,Best Guess national partner,,,,,total,$all$,
1764,41,559320407,0,0,0,Best Guess national partner,,,,,total,$all$,
1765,42,538779126,0,0,0,Best Guess national partner,,,,,total,$all$,
1766,42,506398317,0,0,0,Best Guess national partner,,,,,total,$all$,
1767,42,524945367,0,0,0,Best Guess national partner,,,,,total,$all$,
1768,42,523872469,0,0,0,Best Guess national partner,,,,,total,$all$,
1769,43,567606386,0,0,0,Best Guess national partner,,,,,total,$all$,
1770,42,636941206,0,0,0,Best Guess national partner,,,,,total,$all$,
1771,42,676523937,0,0,0,Best Guess national partner,,,,,total,$all$,
1772,41,619895540,0,0,0,Best Guess national partner,,,,,total,$all$,
1773,41,664723255,0,0,0,Best Guess national partner,,,,,total,$all$,
1774,41,614531290,0,0,0,Best Guess national partner,,,,,total,$all$,
1775,41,625103158,0,0,0,Best Guess national partner,,,,,total,$all$,
1776,41,701118094,0,0,0,Best Guess national partner,,,,,total,$all$,
1777,41,723091293,0,0,0,Best Guess national partner,,,,,total,$all$,
1778,43,630459588,0,0,0,Best Guess national partner,,,,,total,$all$,
1779,45,446759520,0,0,0,Best Guess national partner,,,,,total,$all$,
1780,45,458537548,0,0,0,Best Guess national partner,,,,,total,$all$,
1781,44,537340403,0,0,0,Best Guess national partner,,,,,total,$all$,
1782,42,777148000,0,0,0,Best Guess national partner,,,,,total,$all$,
1787,2540,1075872442,0,0,0,Best Guess national partner,,,,,total,$all$,
1788,1686,1003944792,0,0,0,Best Guess national partner,,,,,total,$all$,
1789,1810,1077672000,0,0,0,Best Guess national partner,,,,,total,$all$,
1792,72,1735308000,0,0,0,Best Guess national partner,,,,,total,$all$,
1797,1981,594779600,0,0,0,Best Guess national partner,,,,,total,$all$,
1798,1976,563152000,0,0,0,Best Guess national partner,,,,,total,$all$,
1799,1971,579614477,0,0,0,Best Guess national partner,,,,,total,$all$,
1800,1507,622507028,0,0,0,Best Guess national partner,,,,,total,$all$,
1801,1957,715268177,0,0,0,Best Guess national partner,,,,,total,$all$,
1802,2816,831275014,0,0,0,Best Guess national partner,,,,,total,$all$,
1803,2726,873124898,0,0,0,Best Guess national partner,,,,,total,$all$,
1804,2577,920894599,0,0,0,Best Guess national partner,,,,,total,$all$,
1805,2442,949213855,0,0,0,Best Guess national partner,,,,,total,$all$,
1806,2405,994719552,0,0,0,Best Guess national partner,,,,,total,$all$,
1807,1941,796397947,0,0,0,Best Guess national partner,,,,,total,$all$,
1808,1582,775498795,0,0,0,Best Guess national partner,,,,,total,$all$,
1809,2064,707003300,0,0,0,Best Guess national partner,,,,,total,$all$,
1810,2713,761047600,0,0,0,Best Guess national partner,,,,,total,$all$,
1811,2954,626333200,0,0,0,Best Guess national partner,,,,,total,$all$,
1812,2591,726199300,0,0,0,Best Guess national partner,,,,,total,$all$,
1813,2195,605301400,0,0,0,Best Guess national partner,,,,,total,$all$,
1814,3331,584985500,0,0,0,Best Guess national partner,,,,,total,$all$,
1815,3790,772981109,0,0,0,Best Guess national partner,,,,,total,$all$,
1816,3731,964132510,0,0,0,Best Guess national partner,,,,,total,$all$,
1817,4143,959446100,0,0,0,Best Guess national partner,,,,,total,$all$,
1818,4285,1149488100,0,0,0,Best Guess national partner,,,,,total,$all$,
1819,4382,933114420,0,0,0,Best Guess national partner,,,,,total,$all$,
1820,4569,1092379370,0,0,0,Best Guess national partner,,,,,total,$all$,
1821,4096,805479906,0,0,0,Best Guess national partner,,,,,total,$all$,
1716,13,49165928,0,0,0,Best Guess national partner,,,,,export,$all$,
1717,14,58965110,0,0,0,Best Guess national partner,,,,,export,$all$,
1718,14,80584386,0,0,0,Best Guess national partner,,,,,export,$all$,
1719,14,94277958,0,0,0,Best Guess national partner,,,,,export,$all$,
1720,14,171233223,0,0,0,Best Guess national partner,,,,,export,$all$,
1721,13,83765167,0,0,0,Best Guess national partner,,,,,export,$all$,
1722,13,109920534,0,0,0,Best Guess national partner,,,,,export,$all$,
1723,12,166385204,0,0,0,Best Guess national partner,,,,,export,$all$,
1724,13,104850976,0,0,0,Best Guess national partner,,,,,export,$all$,
1725,15,113674628,0,0,0,Best Guess national partner,,,,,export,$all$,
1726,15,109890160,0,0,0,Best Guess national partner,,,,,export,$all$,
1727,15,111754584,0,0,0,Best Guess national partner,,,,,export,$all$,
1728,16,125733009,0,0,0,Best Guess national partner,,,,,export,$all$,
1729,16,127019684,0,0,0,Best Guess national partner,,,,,export,$all$,
1730,16,118553767,0,0,0,Best Guess national partner,,,,,export,$all$,
1731,16,128459670,0,0,0,Best Guess national partner,,,,,export,$all$,
1732,16,128742797,0,0,0,Best Guess national partner,,,,,export,$all$,
1733,17,124860564,0,0,0,Best Guess national partner,,,,,export,$all$,
1734,18,117349666,0,0,0,Best Guess national partner,,,,,export,$all$,
1735,18,137935673,0,0,0,Best Guess national partner,,,,,export,$all$,
1736,18,140489567,0,0,0,Best Guess national partner,,,,,export,$all$,
1737,18,129004120,0,0,0,Best Guess national partner,,,,,export,$all$,
1738,18,150008286,0,0,0,Best Guess national partner,,,,,export,$all$,
1739,18,165552853,0,0,0,Best Guess national partner,,,,,export,$all$,
1740,18,208817046,0,0,0,Best Guess national partner,,,,,export,$all$,
1741,18,218253022,0,0,0,Best Guess national partner,,,,,export,$all$,
1742,18,211685144,0,0,0,Best Guess national partner,,,,,export,$all$,
1743,18,222226439,0,0,0,Best Guess national partner,,,,,export,$all$,
1744,19,166992644,0,0,0,Best Guess national partner,,,,,export,$all$,
1745,19,184123776,0,0,0,Best Guess national partner,,,,,export,$all$,
1746,19,176794821,0,0,0,Best Guess national partner,,,,,export,$all$,
1747,18,182581256,0,0,0,Best Guess national partner,,,,,export,$all$,
1748,18,179893195,0,0,0,Best Guess national partner,,,,,export,$all$,
1749,18,253444551,0,0,0,Best Guess national partner,,,,,export,$all$,
1750,18,251200328,0,0,0,Best Guess national partner,,,,,export,$all$,
1751,18,257978434,0,0,0,Best Guess national partner,,,,,export,$all$,
1752,18,295042717,0,0,0,Best Guess national partner,,,,,export,$all$,
1753,18,291953030,0,0,0,Best Guess national partner,,,,,export,$all$,
1754,18,298063065,0,0,0,Best Guess national partner,,,,,export,$all$,
1755,18,263394337,0,0,0,Best Guess national partner,,,,,export,$all$,
1756,18,240806046,0,0,0,Best Guess national partner,,,,,export,$all$,
1757,18,188988100,0,0,0,Best Guess national partner,,,,,export,$all$,
1758,17,166318424,0,0,0,Best Guess national partner,,,,,export,$all$,
1759,20,188746632,0,0,0,Best Guess national partner,,,,,export,$all$,
1760,21,178680655,0,0,0,Best Guess national partner,,,,,export,$all$,
1761,21,178634644,0,0,0,Best Guess national partner,,,,,export,$all$,
1762,21,197682442,0,0,0,Best Guess national partner,,,,,export,$all$,
1763,22,258927696,0,0,0,Best Guess national partner,,,,,export,$all$,
1764,22,326396895,0,0,0,Best Guess national partner,,,,,export,$all$,
1765,22,318656887,0,0,0,Best Guess national partner,,,,,export,$all$,
1766,22,294308117,0,0,0,Best Guess national partner,,,,,export,$all$,
1767,22,287005732,0,0,0,Best Guess national partner,,,,,export,$all$,
1768,22,292794108,0,0,0,Best Guess national partner,,,,,export,$all$,
1769,22,277236636,0,0,0,Best Guess national partner,,,,,export,$all$,
1770,21,298206118,0,0,0,Best Guess national partner,,,,,export,$all$,
1771,21,339829095,0,0,0,Best Guess national partner,,,,,export,$all$,
1772,21,319645666,0,0,0,Best Guess national partner,,,,,export,$all$,
1773,21,333708654,0,0,0,Best Guess national partner,,,,,export,$all$,
1774,21,318928625,0,0,0,Best Guess national partner,,,,,export,$all$,
1775,21,332042914,0,0,0,Best Guess national partner,,,,,export,$all$,
1776,21,330190114,0,0,0,Best Guess national partner,,,,,export,$all$,
1777,21,367371947,0,0,0,Best Guess national partner,,,,,export,$all$,
1778,22,276584233,0,0,0,Best Guess national partner,,,,,export,$all$,
1779,23,236011485,0,0,0,Best Guess national partner,,,,,export,$all$,
1780,23,238890556,0,0,0,Best Guess national partner,,,,,export,$all$,
1781,23,267865771,0,0,0,Best Guess national partner,,,,,export,$all$,
1782,21,346350000,0,0,0,Best Guess national partner,,,,,export,$all$,
1787,1524,445295330,0,0,0,Best Guess national partner,,,,,export,$all$,
1788,996,466385300,0,0,0,Best Guess national partner,,,,,export,$all$,
1789,1081,441148000,0,0,0,Best Guess national partner,,,,,export,$all$,
1792,35,802696000,0,0,0,Best Guess national partner,,,,,export,$all$,
1797,1044,225561000,0,0,0,Best Guess national partner,,,,,export,$all$,
1798,1044,253863000,0,0,0,Best Guess national partner,,,,,export,$all$,
1799,1111,300499877,0,0,0,Best Guess national partner,,,,,export,$all$,
1800,785,271575604,0,0,0,Best Guess national partner,,,,,export,$all$,
1801,1093,305143000,0,0,0,Best Guess national partner,,,,,export,$all$,
1802,1520,338773402,0,0,0,Best Guess national partner,,,,,export,$all$,
1803,1535,373228121,0,0,0,Best Guess national partner,,,,,export,$all$,
1804,1438,410986834,0,0,0,Best Guess national partner,,,,,export,$all$,
1805,1345,400792499,0,0,0,Best Guess national partner,,,,,export,$all$,
1806,1326,463698254,0,0,0,Best Guess national partner,,,,,export,$all$,
1807,1109,383742880,0,0,0,Best Guess national partner,,,,,export,$all$,
1808,893,338235297,0,0,0,Best Guess national partner,,,,,export,$all$,
1809,1136,349137500,0,0,0,Best Guess national partner,,,,,export,$all$,
1810,1428,376099500,0,0,0,Best Guess national partner,,,,,export,$all$,
1811,1510,327869400,0,0,0,Best Guess national partner,,,,,export,$all$,
1812,1496,418523200,0,0,0,Best Guess national partner,,,,,export,$all$,
1813,1305,354239500,0,0,0,Best Guess national partner,,,,,export,$all$,
1814,2005,346031900,0,0,0,Best Guess national partner,,,,,export,$all$,
1815,2308,439303300,0,0,0,Best Guess national partner,,,,,export,$all$,
1816,2343,581278210,0,0,0,Best Guess national partner,,,,,export,$all$,
1817,2513,430660900,0,0,0,Best Guess national partner,,,,,export,$all$,
1818,2660,587659400,0,0,0,Best Guess national partner,,,,,export,$all$,
1819,2838,463406120,0,0,0,Best Guess national partner,,,,,export,$all$,
1820,2931,533165870,0,0,0,Best Guess national partner,,,,,export,$all$,
1821,2883,489183210,0,0,0,Best Guess national partner,,,,,export,$all$,
1716,13,38591502,0,0,0,Best Guess national partner,,,,,import,$all$,
1717,12,55251984,0,0,0,Best Guess national partner,,,,,import,$all$,
1718,12,55733952,0,0,0,Best Guess national partner,,,,,import,$all$,
1719,13,79931436,0,0,0,Best Guess national partner,,,,,import,$all$,
1720,15,91936104,0,0,0,Best Guess national partner,,,,,import,$all$,
1721,12,62696894,0,0,0,Best Guess national partner,,,,,import,$all$,
1722,13,85149832,0,0,0,Best Guess national partner,,,,,import,$all$,
1723,12,111404724,0,0,0,Best Guess national partner,,,,,import,$all$,
1724,12,120815097,0,0,0,Best Guess national partner,,,,,import,$all$,
1725,12,86520911,0,0,0,Best Guess national partner,,,,,import,$all$,
1726,14,81687547.34375,0,0,0,Best Guess national partner,,,,,import,$all$,
1727,15,95592063,0,0,0,Best Guess national partner,,,,,import,$all$,
1728,14,95995788,0,0,0,Best Guess national partner,,,,,import,$all$,
1729,13,94118424,0,0,0,Best Guess national partner,,,,,import,$all$,
1730,13,101764001,0,0,0,Best Guess national partner,,,,,import,$all$,
1731,13,91055154.30371094,0,0,0,Best Guess national partner,,,,,import,$all$,
1732,13,112012202,0,0,0,Best Guess national partner,,,,,import,$all$,
1733,14,101907071,0,0,0,Best Guess national partner,,,,,import,$all$,
1734,15,102223714,0,0,0,Best Guess national partner,,,,,import,$all$,
1735,15,107925685,0,0,0,Best Guess national partner,,,,,import,$all$,
1736,15,123821883,0,0,0,Best Guess national partner,,,,,import,$all$,
1737,15,120226132,0,0,0,Best Guess national partner,,,,,import,$all$,
1738,15,137688105,0,0,0,Best Guess national partner,,,,,import,$all$,
1739,15,170621304,0,0,0,Best Guess national partner,,,,,import,$all$,
1740,15,175579630,0,0,0,Best Guess national partner,,,,,import,$all$,
1741,15,189287497,0,0,0,Best Guess national partner,,,,,import,$all$,
1742,15,175859707,0,0,0,Best Guess national partner,,,,,import,$all$,
1743,15,190217505,0,0,0,Best Guess national partner,,,,,import,$all$,
1744,15,141930181,0,0,0,Best Guess national partner,,,,,import,$all$,
1745,16,143019160,0,0,0,Best Guess national partner,,,,,import,$all$,
1746,16,122149598,0,0,0,Best Guess national partner,,,,,import,$all$,
1747,16,134222995,0,0,0,Best Guess national partner,,,,,import,$all$,
1748,16,136094233,0,0,0,Best Guess national partner,,,,,import,$all$,
1749,16,215007961,0,0,0,Best Guess national partner,,,,,import,$all$,
1750,16,212336043,0,0,0,Best Guess national partner,,,,,import,$all$,
1751,16,211991920,0,0,0,Best Guess national partner,,,,,import,$all$,
1752,16,254371261,0,0,0,Best Guess national partner,,,,,import,$all$,
1753,16,242665786,0,0,0,Best Guess national partner,,,,,import,$all$,
1754,16,247867776,0,0,0,Best Guess national partner,,,,,import,$all$,
1755,16,253292479,0,0,0,Best Guess national partner,,,,,import,$all$,
1756,16,173662764,0,0,0,Best Guess national partner,,,,,import,$all$,
1757,17,147126467.33668804,0,0,0,Best Guess national partner,,,,,import,$all$,
1758,17,125748327,0,0,0,Best Guess national partner,,,,,import,$all$,
1759,19,131250767,0,0,0,Best Guess national partner,,,,,import,$all$,
1760,20,118050835,0,0,0,Best Guess national partner,,,,,import,$all$,
1761,20,133970528.0131836,0,0,0,Best Guess national partner,,,,,import,$all$,
1762,20,140197377.80532122,0,0,0,Best Guess national partner,,,,,import,$all$,
1763,20,184822289,0,0,0,Best Guess national partner,,,,,import,$all$,
1764,19,232923512,0,0,0,Best Guess national partner,,,,,import,$all$,
1765,20,220122239,0,0,0,Best Guess national partner,,,,,import,$all$,
1766,20,212090200,0,0,0,Best Guess national partner,,,,,import,$all$,
1767,20,237939635,0,0,0,Best Guess national partner,,,,,import,$all$,
1768,20,231078361,0,0,0,Best Guess national partner,,,,,import,$all$,
1769,21,290369750,0,0,0,Best Guess national partner,,,,,import,$all$,
1770,21,338735088,0,0,0,Best Guess national partner,,,,,import,$all$,
1771,21,336694842,0,0,0,Best Guess national partner,,,,,import,$all$,
1772,20,300249874,0,0,0,Best Guess national partner,,,,,import,$all$,
1773,20,331014601,0,0,0,Best Guess national partner,,,,,import,$all$,
1774,20,295602665,0,0,0,Best Guess national partner,,,,,import,$all$,
1775,20,293060244,0,0,0,Best Guess national partner,,,,,import,$all$,
1776,20,370927980,0,0,0,Best Guess national partner,,,,,import,$all$,
1777,20,355719346,0,0,0,Best Guess national partner,,,,,import,$all$,
1778,21,353875355,0,0,0,Best Guess national partner,,,,,import,$all$,
1779,22,210748035,0,0,0,Best Guess national partner,,,,,import,$all$,
1780,22,219646992,0,0,0,Best Guess national partner,,,,,import,$all$,
1781,21,269474632,0,0,0,Best Guess national partner,,,,,import,$all$,
1782,21,430798000,0,0,0,Best Guess national partner,,,,,import,$all$,
1787,1016,630577112,0,0,0,Best Guess national partner,,,,,import,$all$,
1788,690,537559492,0,0,0,Best Guess national partner,,,,,import,$all$,
1789,729,636524000,0,0,0,Best Guess national partner,,,,,import,$all$,
1792,37,932612000,0,0,0,Best Guess national partner,,,,,import,$all$,
1797,937,369218600,0,0,0,Best Guess national partner,,,,,import,$all$,
1798,932,309289000,0,0,0,Best Guess national partner,,,,,import,$all$,
1799,860,279114600,0,0,0,Best Guess national partner,,,,,import,$all$,
1800,722,350931424,0,0,0,Best Guess national partner,,,,,import,$all$,
1801,864,410125177,0,0,0,Best Guess national partner,,,,,import,$all$,
1802,1296,492501612,0,0,0,Best Guess national partner,,,,,import,$all$,
1803,1191,499896777,0,0,0,Best Guess national partner,,,,,import,$all$,
1804,1139,509907765,0,0,0,Best Guess national partner,,,,,import,$all$,
1805,1097,548421356,0,0,0,Best Guess national partner,,,,,import,$all$,
1806,1079,531021298,0,0,0,Best Guess national partner,,,,,import,$all$,
1807,832,412655067,0,0,0,Best Guess national partner,,,,,import,$all$,
1808,689,437263498,0,0,0,Best Guess national partner,,,,,import,$all$,
1809,928,357865800,0,0,0,Best Guess national partner,,,,,import,$all$,
1810,1285,384948100,0,0,0,Best Guess national partner,,,,,import,$all$,
1811,1444,298463800,0,0,0,Best Guess national partner,,,,,import,$all$,
1812,1095,307676100,0,0,0,Best Guess national partner,,,,,import,$all$,
1813,890,251061900,0,0,0,Best Guess national partner,,,,,import,$all$,
1814,1326,238953600,0,0,0,Best Guess national partner,,,,,import,$all$,
1815,1482,333677809,0,0,0,Best Guess national partner,,,,,import,$all$,
1816,1388,382854300,0,0,0,Best Guess national partner,,,,,import,$all$,
1817,1630,528785200,0,0,0,Best Guess national partner,,,,,import,$all$,
1818,1625,561828700,0,0,0,Best Guess national partner,,,,,import,$all$,
1819,1544,469708300,0,0,0,Best Guess national partner,,,,,import,$all$,
1820,1638,559213500,0,0,0,Best Guess national partner,,,,,import,$all$,
1821,1213,316296696,0,0,0,Best Guess national partner,,,,,import,$all$,
1718,436,7535999.959336374,0,0,0,Best Guess customs region product x partner,,,,,total,La_Rochelle,La Rochelle
1719,462,11009032.880535126,0,0,0,Best Guess customs region product x partner,,,,,total,La_Rochelle,La Rochelle
1720,486,17032139.767669678,0,0,0,Best Guess customs region product x partner,,,,,total,La_Rochelle,La Rochelle
1721,410,12694425.240963936,0,0,0,Best Guess customs region product x partner,,,,,total,La_Rochelle,La Rochelle
1722,482,16680142.874665976,0,0,0,Best Guess customs region product x partner,,,,,total,La_Rochelle,La Rochelle
1723,496,15765323.805407047,0,0,0,Best Guess customs region product x partner,,,,,total,La_Rochelle,La Rochelle
1724,499,16495748.500537872,0,0,0,Best Guess customs region product x partner,,,,,total,La_Rochelle,La Rochelle
1725,465,11295003.649202824,0,0,0,Best Guess customs region product x partner,,,,,total,La_Rochelle,La Rochelle
1726,570,7540786.417445421,0,0,0,Best Guess customs region product x partner,,,,,total,La_Rochelle,La Rochelle
1727,517,13433936.000761509,0,0,0,Best Guess customs region product x partner,,,,,total,La_Rochelle,La Rochelle
1728,541,14074921.732306719,0,0,0,Best Guess customs region product x partner,,,,,total,La_Rochelle,La Rochelle
1729,558,11862048.465710163,0,0,0,Best Guess customs region product x partner,,,,,total,La_Rochelle,La Rochelle
1730,514,13076219.105104446,0,0,0,Best Guess customs region product x partner,,,,,total,La_Rochelle,La Rochelle
1731,529,11781660.362269402,0,0,0,Best Guess customs region product x partner,,,,,total,La_Rochelle,La Rochelle
1732,559,13991587.104809046,0,0,0,Best Guess customs region product x partner,,,,,total,La_Rochelle,La Rochelle
1733,556,11413020.490279317,0,0,0,Best Guess customs region product x partner,,,,,total,La_Rochelle,La Rochelle
1734,655,14179104.492167473,0,0,0,Best Guess customs region product x partner,,,,,total,La_Rochelle,La Rochelle
1735,633,14855324.063091278,0,0,0,Best Guess customs region product x partner,,,,,total,La_Rochelle,La Rochelle
1736,636,14332890.075367928,0,0,0,Best Guess customs region product x partner,,,,,total,La_Rochelle,La Rochelle
1737,711,12943587.806517601,0,0,0,Best Guess customs region product x partner,,,,,total,La_Rochelle,La Rochelle
1738,761,15440289.621860743,0,0,0,Best Guess customs region product x partner,,,,,total,La_Rochelle,La Rochelle
1739,698,16468340.522336483,0,0,0,Best Guess customs region product x partner,,,,,total,La_Rochelle,La Rochelle
1740,657,19592794.062119484,0,0,0,Best Guess customs region product x partner,,,,,total,La_Rochelle,La Rochelle
1741,622,16755715.985396385,0,0,0,Best Guess customs region product x partner,,,,,total,La_Rochelle,La Rochelle
1744,597,11166413.170374691,0,0,0,Best Guess customs region product x partner,,,,,total,La_Rochelle,La Rochelle
1746,659,21321328.325389862,0,0,0,Best Guess customs region product x partner,,,,,total,La_Rochelle,La Rochelle
1747,591,47706829.14448738,0,0,0,Best Guess customs region product x partner,,,,,total,La_Rochelle,La Rochelle
1748,508,23030805.985238552,0,0,0,Best Guess customs region product x partner,,,,,total,La_Rochelle,La Rochelle
1749,805,23321457.32813859,0,0,0,Best Guess customs region product x partner,,,,,total,La_Rochelle,La Rochelle
1750,868,21139169.511262774,0,0,0,Best Guess customs region product x partner,,,,,total,La_Rochelle,La Rochelle
1751,837,20647303.796989202,0,0,0,Best Guess customs region product x partner,,,,,total,La_Rochelle,La Rochelle
1752,806,19547146.676436424,0,0,0,Best Guess customs region product x partner,,,,,total,La_Rochelle,La Rochelle
1753,726,17274754.955260515,0,0,0,Best Guess customs region product x partner,,,,,total,La_Rochelle,La Rochelle
1754,743,20361898.09920445,0,0,0,Best Guess customs region product x partner,,,,,total,La_Rochelle,La Rochelle
1756,601,14507895.708337307,0,0,0,Best Guess customs region product x partner,,,,,total,La_Rochelle,La Rochelle
1757,787,15827263.205867052,0,0,0,Best Guess customs region product x partner,,,,,total,La_Rochelle,La Rochelle
1758,571,7892832.611276865,0,0,0,Best Guess customs region product x partner,,,,,total,La_Rochelle,La Rochelle
1759,418,5914391.080592155,0,0,0,Best Guess customs region product x partner,,,,,total,La_Rochelle,La Rochelle
1760,338,6173162.772107124,0,0,0,Best Guess customs region product x partner,,,,,total,La_Rochelle,La Rochelle
1761,373,6125383.677073956,0,0,0,Best Guess customs region product x partner,,,,,total,La_Rochelle,La Rochelle
1762,284,4152304.1163756847,0,0,0,Best Guess customs region product x partner,,,,,total,La_Rochelle,La Rochelle
1764,191,8847346.41254139,0,0,0,Best Guess customs region product x partner,,,,,total,La_Rochelle,La Rochelle
1765,448,11571509.988687038,0,0,0,Best Guess customs region product x partner,,,,,total,La_Rochelle,La Rochelle
1766,373,12916548.03305006,0,0,0,Best Guess customs region product x partner,,,,,total,La_Rochelle,La Rochelle
1767,413,12283463.324558258,0,0,0,Best Guess customs region product x partner,,,,,total,La_Rochelle,La Rochelle
1768,337,14133178.021660805,0,0,0,Best Guess customs region product x partner,,,,,total,La_Rochelle,La Rochelle
1769,324,10713790.447792053,0,0,0,Best Guess customs region product x partner,,,,,total,La_Rochelle,La Rochelle
1770,387,10849680.553033829,0,0,0,Best Guess customs region product x partner,,,,,total,La_Rochelle,La Rochelle
1771,362,10840840.43771553,0,0,0,Best Guess customs region product x partner,,,,,total,La_Rochelle,La Rochelle
1772,385,16166496.67412281,0,0,0,Best Guess customs region product x partner,,,,,total,La_Rochelle,La Rochelle
1773,375,27086761.898708344,0,0,0,Best Guess customs region product x partner,,,,,total,La_Rochelle,La Rochelle
1774,406,21859271.819698334,0,0,0,Best Guess customs region product x partner,,,,,total,La_Rochelle,La Rochelle
1775,355,21914111.169548035,0,0,0,Best Guess customs region product x partner,,,,,total,La_Rochelle,La Rochelle
1776,352,25260613.432518005,0,0,0,Best Guess customs region product x partner,,,,,total,La_Rochelle,La Rochelle
1778,296,16436976.747009277,0,0,0,Best Guess customs region product x partner,,,,,total,La_Rochelle,La Rochelle
1779,223,8152645.977798462,0,0,0,Best Guess customs region product x partner,,,,,total,La_Rochelle,La Rochelle
1780,213,7694879.277828217,0,0,0,Best Guess customs region product x partner,,,,,total,La_Rochelle,La Rochelle
1789,1062,28750658.19916916,0,0,0,Best Guess customs region product x partner,,,,,total,La_Rochelle,La Rochelle
1718,158,3147187.8648896217,0,0,0,Best Guess customs region product x partner,,,,,import,La_Rochelle,La Rochelle
1719,210,4056697.3777275085,0,0,0,Best Guess customs region product x partner,,,,,import,La_Rochelle,La Rochelle
1720,218,7899942.130615234,0,0,0,Best Guess customs region product x partner,,,,,import,La_Rochelle,La Rochelle
1721,223,5219388.528229713,0,0,0,Best Guess customs region product x partner,,,,,import,La_Rochelle,La Rochelle
1722,258,9453394.037468672,0,0,0,Best Guess customs region product x partner,,,,,import,La_Rochelle,La Rochelle
1723,247,7982713.754463673,0,0,0,Best Guess customs region product x partner,,,,,import,La_Rochelle,La Rochelle
1724,304,9191111.250400543,0,0,0,Best Guess customs region product x partner,,,,,import,La_Rochelle,La Rochelle
1725,274,5593060.898985386,0,0,0,Best Guess customs region product x partner,,,,,import,La_Rochelle,La Rochelle
1726,293,3150019.3115103245,0,0,0,Best Guess customs region product x partner,,,,,import,La_Rochelle,La Rochelle
1727,294,6460560.3875107765,0,0,0,Best Guess customs region product x partner,,,,,import,La_Rochelle,La Rochelle
1728,291,6381780.232915163,0,0,0,Best Guess customs region product x partner,,,,,import,La_Rochelle,La Rochelle
1729,280,5067529.133532047,0,0,0,Best Guess customs region product x partner,,,,,import,La_Rochelle,La Rochelle
1730,270,6106796.395495415,0,0,0,Best Guess customs region product x partner,,,,,import,La_Rochelle,La Rochelle
1731,302,5353240.922924042,0,0,0,Best Guess customs region product x partner,,,,,import,La_Rochelle,La Rochelle
1732,340,6179041.954520464,0,0,0,Best Guess customs region product x partner,,,,,import,La_Rochelle,La Rochelle
1733,317,4642898.265668035,0,0,0,Best Guess customs region product x partner,,,,,import,La_Rochelle,La Rochelle
1734,333,6258198.659152031,0,0,0,Best Guess customs region product x partner,,,,,import,La_Rochelle,La Rochelle
1735,300,6014957.935337067,0,0,0,Best Guess customs region product x partner,,,,,import,La_Rochelle,La Rochelle
1736,327,6826759.014907837,0,0,0,Best Guess customs region product x partner,,,,,import,La_Rochelle,La Rochelle
1737,322,6236667.9100904465,0,0,0,Best Guess customs region product x partner,,,,,import,La_Rochelle,La Rochelle
1738,337,7337047.696236372,0,0,0,Best Guess customs region product x partner,,,,,import,La_Rochelle,La Rochelle
1739,337,8707137.361112118,0,0,0,Best Guess customs region product x partner,,,,,import,La_Rochelle,La Rochelle
1740,335,9775962.175017357,0,0,0,Best Guess customs region product x partner,,,,,import,La_Rochelle,La Rochelle
1741,300,7074108.8021354675,0,0,0,Best Guess customs region product x partner,,,,,import,La_Rochelle,La Rochelle
1744,272,5592241.1752233505,0,0,0,Best Guess customs region product x partner,,,,,import,La_Rochelle,La Rochelle
1746,264,9353646.013767242,0,0,0,Best Guess customs region product x partner,,,,,import,La_Rochelle,La Rochelle
1747,279,11180400.71231842,0,0,0,Best Guess customs region product x partner,,,,,import,La_Rochelle,La Rochelle
1748,236,8188965.9293437,0,0,0,Best Guess customs region product x partner,,,,,import,La_Rochelle,La Rochelle
1749,419,10665812.886612177,0,0,0,Best Guess customs region product x partner,,,,,import,La_Rochelle,La Rochelle
1750,373,11434237.197552681,0,0,0,Best Guess customs region product x partner,,,,,import,La_Rochelle,La Rochelle
1751,442,8930031.675410986,0,0,0,Best Guess customs region product x partner,,,,,import,La_Rochelle,La Rochelle
1752,399,9562134.84371519,0,0,0,Best Guess customs region product x partner,,,,,import,La_Rochelle,La Rochelle
1753,347,8358230.413752794,0,0,0,Best Guess customs region product x partner,,,,,import,La_Rochelle,La Rochelle
1754,346,10592659.231267363,0,0,0,Best Guess customs region product x partner,,,,,import,La_Rochelle,La Rochelle
1756,314,7069464.791436672,0,0,0,Best Guess customs region product x partner,,,,,import,La_Rochelle,La Rochelle
1757,409,7261098.020611048,0,0,0,Best Guess customs region product x partner,,,,,import,La_Rochelle,La Rochelle
1758,262,2489366.120152712,0,0,0,Best Guess customs region product x partner,,,,,import,La_Rochelle,La Rochelle
1759,302,2537916.18048954,0,0,0,Best Guess customs region product x partner,,,,,import,La_Rochelle,La Rochelle
1760,211,2857492.649731636,0,0,0,Best Guess customs region product x partner,,,,,import,La_Rochelle,La Rochelle
1761,232,1736264.4395890236,0,0,0,Best Guess customs region product x partner,,,,,import,La_Rochelle,La Rochelle
1762,174,1657889.8285677433,0,0,0,Best Guess customs region product x partner,,,,,import,La_Rochelle,La Rochelle
1764,191,8847346.41254139,0,0,0,Best Guess customs region product x partner,,,,,import,La_Rochelle,La Rochelle
1765,215,4171057.232175827,0,0,0,Best Guess customs region product x partner,,,,,import,La_Rochelle,La Rochelle
1766,189,4934124.959798813,0,0,0,Best Guess customs region product x partner,,,,,import,La_Rochelle,La Rochelle
1767,202,6113870.071941376,0,0,0,Best Guess customs region product x partner,,,,,import,La_Rochelle,La Rochelle
1768,162,7401081.641965866,0,0,0,Best Guess customs region product x partner,,,,,import,La_Rochelle,La Rochelle
1769,163,4993416.519935608,0,0,0,Best Guess customs region product x partner,,,,,import,La_Rochelle,La Rochelle
1770,164,4675885.097898483,0,0,0,Best Guess customs region product x partner,,,,,import,La_Rochelle,La Rochelle
1771,144,5076204.043848038,0,0,0,Best Guess customs region product x partner,,,,,import,La_Rochelle,La Rochelle
1772,147,6812748.544082642,0,0,0,Best Guess customs region product x partner,,,,,import,La_Rochelle,La Rochelle
1773,144,10656918.013851166,0,0,0,Best Guess customs region product x partner,,,,,import,La_Rochelle,La Rochelle
1774,175,10279879.916202545,0,0,0,Best Guess customs region product x partner,,,,,import,La_Rochelle,La Rochelle
1775,152,10256685.816368103,0,0,0,Best Guess customs region product x partner,,,,,import,La_Rochelle,La Rochelle
1776,150,9773015.356636047,0,0,0,Best Guess customs region product x partner,,,,,import,La_Rochelle,La Rochelle
1778,107,8974251.519104004,0,0,0,Best Guess customs region product x partner,,,,,import,La_Rochelle,La Rochelle
1779,122,4113823.077774048,0,0,0,Best Guess customs region product x partner,,,,,import,La_Rochelle,La Rochelle
1780,113,3697571.195400238,0,0,0,Best Guess customs region product x partner,,,,,import,La_Rochelle,La Rochelle
1789,489,13038149.546619415,0,0,0,Best Guess customs region product x partner,,,,,import,La_Rochelle,La Rochelle
1718,278,4388812.094446752,0,0,0,Best Guess customs region product x partner,,,,,export,La_Rochelle,La Rochelle
1719,252,6952335.502807617,0,0,0,Best Guess customs region product x partner,,,,,export,La_Rochelle,La Rochelle
1720,268,9132197.637054443,0,0,0,Best Guess customs region product x partner,,,,,export,La_Rochelle,La Rochelle
1721,187,7475036.712734222,0,0,0,Best Guess customs region product x partner,,,,,export,La_Rochelle,La Rochelle
1722,224,7226748.837197304,0,0,0,Best Guess customs region product x partner,,,,,export,La_Rochelle,La Rochelle
1723,249,7782610.050943375,0,0,0,Best Guess customs region product x partner,,,,,export,La_Rochelle,La Rochelle
1724,195,7304637.250137329,0,0,0,Best Guess customs region product x partner,,,,,export,La_Rochelle,La Rochelle
1725,191,5701942.750217438,0,0,0,Best Guess customs region product x partner,,,,,export,La_Rochelle,La Rochelle
1726,277,4390767.105935097,0,0,0,Best Guess customs region product x partner,,,,,export,La_Rochelle,La Rochelle
1727,223,6973375.613250732,0,0,0,Best Guess customs region product x partner,,,,,export,La_Rochelle,La Rochelle
1728,250,7693141.499391556,0,0,0,Best Guess customs region product x partner,,,,,export,La_Rochelle,La Rochelle
1729,278,6794519.332178116,0,0,0,Best Guess customs region product x partner,,,,,export,La_Rochelle,La Rochelle
1730,244,6969422.709609032,0,0,0,Best Guess customs region product x partner,,,,,export,La_Rochelle,La Rochelle
1731,227,6428419.43934536,0,0,0,Best Guess customs region product x partner,,,,,export,La_Rochelle,La Rochelle
1732,219,7812545.150288582,0,0,0,Best Guess customs region product x partner,,,,,export,La_Rochelle,La Rochelle
1733,239,6770122.224611282,0,0,0,Best Guess customs region product x partner,,,,,export,La_Rochelle,La Rochelle
1734,322,7920905.833015442,0,0,0,Best Guess customs region product x partner,,,,,export,La_Rochelle,La Rochelle
1735,333,8840366.127754211,0,0,0,Best Guess customs region product x partner,,,,,export,La_Rochelle,La Rochelle
1736,309,7506131.060460091,0,0,0,Best Guess customs region product x partner,,,,,export,La_Rochelle,La Rochelle
1737,389,6706919.896427155,0,0,0,Best Guess customs region product x partner,,,,,export,La_Rochelle,La Rochelle
1738,424,8103241.925624371,0,0,0,Best Guess customs region product x partner,,,,,export,La_Rochelle,La Rochelle
1739,361,7761203.161224365,0,0,0,Best Guess customs region product x partner,,,,,export,La_Rochelle,La Rochelle
1740,322,9816831.887102127,0,0,0,Best Guess customs region product x partner,,,,,export,La_Rochelle,La Rochelle
1741,322,9681607.183260918,0,0,0,Best Guess customs region product x partner,,,,,export,La_Rochelle,La Rochelle
1744,325,5574171.995151341,0,0,0,Best Guess customs region product x partner,,,,,export,La_Rochelle,La Rochelle
1746,395,11967682.31162262,0,0,0,Best Guess customs region product x partner,,,,,export,La_Rochelle,La Rochelle
1747,312,36526428.43216896,0,0,0,Best Guess customs region product x partner,,,,,export,La_Rochelle,La Rochelle
1748,272,14841840.055894852,0,0,0,Best Guess customs region product x partner,,,,,export,La_Rochelle,La Rochelle
1749,386,12655644.441526413,0,0,0,Best Guess customs region product x partner,,,,,export,La_Rochelle,La Rochelle
1750,495,9704932.313710093,0,0,0,Best Guess customs region product x partner,,,,,export,La_Rochelle,La Rochelle
1751,395,11717272.121578217,0,0,0,Best Guess customs region product x partner,,,,,export,La_Rochelle,La Rochelle
1752,407,9985011.832721233,0,0,0,Best Guess customs region product x partner,,,,,export,La_Rochelle,La Rochelle
1753,379,8916524.541507721,0,0,0,Best Guess customs region product x partner,,,,,export,La_Rochelle,La Rochelle
1754,397,9769238.867937088,0,0,0,Best Guess customs region product x partner,,,,,export,La_Rochelle,La Rochelle
1756,287,7438430.916900635,0,0,0,Best Guess customs region product x partner,,,,,export,La_Rochelle,La Rochelle
1757,378,8566165.185256004,0,0,0,Best Guess customs region product x partner,,,,,export,La_Rochelle,La Rochelle
1758,309,5403466.491124153,0,0,0,Best Guess customs region product x partner,,,,,export,La_Rochelle,La Rochelle
1759,116,3376474.9001026154,0,0,0,Best Guess customs region product x partner,,,,,export,La_Rochelle,La Rochelle
1760,127,3315670.1223754883,0,0,0,Best Guess customs region product x partner,,,,,export,La_Rochelle,La Rochelle
1761,141,4389119.237484932,0,0,0,Best Guess customs region product x partner,,,,,export,La_Rochelle,La Rochelle
1762,110,2494414.2878079414,0,0,0,Best Guess customs region product x partner,,,,,export,La_Rochelle,La Rochelle
1765,233,7400452.756511211,0,0,0,Best Guess customs region product x partner,,,,,export,La_Rochelle,La Rochelle
1766,184,7982423.073251247,0,0,0,Best Guess customs region product x partner,,,,,export,La_Rochelle,La Rochelle
1767,211,6169593.252616882,0,0,0,Best Guess customs region product x partner,,,,,export,La_Rochelle,La Rochelle
1768,175,6732096.379694939,0,0,0,Best Guess customs region product x partner,,,,,export,La_Rochelle,La Rochelle
1769,161,5720373.927856445,0,0,0,Best Guess customs region product x partner,,,,,export,La_Rochelle,La Rochelle
1770,223,6173795.455135345,0,0,0,Best Guess customs region product x partner,,,,,export,La_Rochelle,La Rochelle
1771,218,5764636.393867493,0,0,0,Best Guess customs region product x partner,,,,,export,La_Rochelle,La Rochelle
1772,238,9353748.130040169,0,0,0,Best Guess customs region product x partner,,,,,export,La_Rochelle,La Rochelle
1773,231,16429843.884857178,0,0,0,Best Guess customs region product x partner,,,,,export,La_Rochelle,La Rochelle
1774,231,11579391.903495789,0,0,0,Best Guess customs region product x partner,,,,,export,La_Rochelle,La Rochelle
1775,203,11657425.353179932,0,0,0,Best Guess customs region product x partner,,,,,export,La_Rochelle,La Rochelle
1776,202,15487598.075881958,0,0,0,Best Guess customs region product x partner,,,,,export,La_Rochelle,La Rochelle
1778,189,7462725.227905273,0,0,0,Best Guess customs region product x partner,,,,,export,La_Rochelle,La Rochelle
1779,101,4038822.900024414,0,0,0,Best Guess customs region product x partner,,,,,export,La_Rochelle,La Rochelle
1780,100,3997308.0824279785,0,0,0,Best Guess customs region product x partner,,,,,export,La_Rochelle,La Rochelle
1789,573,15712508.652549744,0,0,0,Best Guess customs region product x partner,,,,,export,La_Rochelle,La Rochelle
1728,618,17488378.992535114,0,0,0,Best Guess customs region product x partner,,,,,total,Nantes,Nantes
1730,377,10994596.215964913,0,0,0,Best Guess customs region product x partner,,,,,total,Nantes,Nantes
1731,1159,31984867.475803137,0,0,0,Best Guess customs region product x partner,,,,,total,Nantes,Nantes
1732,1009,24796783.43348056,0,0,0,Best Guess customs region product x partner,,,,,total,Nantes,Nantes
1734,1126,30094291.147585392,0,0,0,Best Guess customs region product x partner,,,,,total,Nantes,Nantes
1735,1122,33177040.743272305,0,0,0,Best Guess customs region product x partner,,,,,total,Nantes,Nantes
1736,1093,30907823.57840824,0,0,0,Best Guess customs region product x partner,,,,,total,Nantes,Nantes
1737,1150,25297815.62183401,0,0,0,Best Guess customs region product x partner,,,,,total,Nantes,Nantes
1738,450,11174263.095489502,0,0,0,Best Guess customs region product x partner,,,,,total,Nantes,Nantes
1739,1193,67291105.60321102,0,0,0,Best Guess customs region product x partner,,,,,total,Nantes,Nantes
1740,1091,40152182.89767611,0,0,0,Best Guess customs region product x partner,,,,,total,Nantes,Nantes
1741,1303,58055396.1948492,0,0,0,Best Guess customs region product x partner,,,,,total,Nantes,Nantes
1742,1382,61059839.33163631,0,0,0,Best Guess customs region product x partner,,,,,total,Nantes,Nantes
1743,1323,40443761.580379486,0,0,0,Best Guess customs region product x partner,,,,,total,Nantes,Nantes
1744,1081,30708149.52186735,0,0,0,Best Guess customs region product x partner,,,,,total,Nantes,Nantes
1745,832,24058836.81832981,0,0,0,Best Guess customs region product x partner,,,,,total,Nantes,Nantes
1746,792,29253336.013816953,0,0,0,Best Guess customs region product x partner,,,,,total,Nantes,Nantes
1749,1183,44411069.5976246,0,0,0,Best Guess customs region product x partner,,,,,total,Nantes,Nantes
1750,1070,35756157.5615408,0,0,0,Best Guess customs region product x partner,,,,,total,Nantes,Nantes
1751,570,15755534.825126886,0,0,0,Best Guess customs region product x partner,,,,,total,Nantes,Nantes
1752,577,19488858.306901038,0,0,0,Best Guess customs region product x partner,,,,,total,Nantes,Nantes
1753,634,21939713.321348548,0,0,0,Best Guess customs region product x partner,,,,,total,Nantes,Nantes
1754,672,23458883.591883183,0,0,0,Best Guess customs region product x partner,,,,,total,Nantes,Nantes
1755,1109,30841541.42601168,0,0,0,Best Guess customs region product x partner,,,,,total,Nantes,Nantes
1756,587,16707043.050266266,0,0,0,Best Guess customs region product x partner,,,,,total,Nantes,Nantes
1757,237,4984994.264148608,0,0,0,Best Guess customs region product x partner,,,,,total,Nantes,Nantes
1758,304,6539151.790630341,0,0,0,Best Guess customs region product x partner,,,,,total,Nantes,Nantes
1759,256,7052664.169511795,0,0,0,Best Guess customs region product x partner,,,,,total,Nantes,Nantes
1760,367,6693610.977727175,0,0,0,Best Guess customs region product x partner,,,,,total,Nantes,Nantes
1761,566,12148698.19713211,0,0,0,Best Guess customs region product x partner,,,,,total,Nantes,Nantes
1762,509,5938902.350799322,0,0,0,Best Guess customs region product x partner,,,,,total,Nantes,Nantes
1763,1455,26764634.5979971,0,0,0,Best Guess customs region product x partner,,,,,total,Nantes,Nantes
1764,1744,42213765.62292349,0,0,0,Best Guess customs region product x partner,,,,,total,Nantes,Nantes
1765,1315,39633275.97494316,0,0,0,Best Guess customs region product x partner,,,,,total,Nantes,Nantes
1766,1130,100683009.73782891,0,0,0,Best Guess customs region product x partner,,,,,total,Nantes,Nantes
1767,1084,34526296.19054961,0,0,0,Best Guess customs region product x partner,,,,,total,Nantes,Nantes
1768,700,20807669.98472023,0,0,0,Best Guess customs region product x partner,,,,,total,Nantes,Nantes
1769,943,52252637.32377815,0,0,0,Best Guess customs region product x partner,,,,,total,Nantes,Nantes
1770,880,49078708.434361935,0,0,0,Best Guess customs region product x partner,,,,,total,Nantes,Nantes
1771,956,46403343.99074733,0,0,0,Best Guess customs region product x partner,,,,,total,Nantes,Nantes
1772,934,56438763.0598557,0,0,0,Best Guess customs region product x partner,,,,,total,Nantes,Nantes
1774,788,50732127.412621975,0,0,0,Best Guess customs region product x partner,,,,,total,Nantes,Nantes
1775,313,9274319.790298462,0,0,0,Best Guess customs region product x partner,,,,,total,Nantes,Nantes
1776,1102,52611798.467108294,0,0,0,Best Guess customs region product x partner,,,,,total,Nantes,Nantes
1778,2431,70481106.40731561,0,0,0,Best Guess customs region product x partner,,,,,total,Nantes,Nantes
1779,824,22056667.17515874,0,0,0,Best Guess customs region product x partner,,,,,total,Nantes,Nantes
1789,2040,105210443.46709251,0,0,0,Best Guess customs region product x partner,,,,,total,Nantes,Nantes
1730,377,10994596.215964913,0,0,0,Best Guess customs region product x partner,,,,,import,Nantes,Nantes
1731,367,11318221.855080128,0,0,0,Best Guess customs region product x partner,,,,,import,Nantes,Nantes
1732,309,6820224.075405896,0,0,0,Best Guess customs region product x partner,,,,,import,Nantes,Nantes
1734,394,9618373.125793219,0,0,0,Best Guess customs region product x partner,,,,,import,Nantes,Nantes
1735,342,10250929.624267101,0,0,0,Best Guess customs region product x partner,,,,,import,Nantes,Nantes
1736,400,12505869.77415657,0,0,0,Best Guess customs region product x partner,,,,,import,Nantes,Nantes
1737,476,13009782.373774737,0,0,0,Best Guess customs region product x partner,,,,,import,Nantes,Nantes
1738,450,11174263.095489502,0,0,0,Best Guess customs region product x partner,,,,,import,Nantes,Nantes
1739,429,40767844.70523104,0,0,0,Best Guess customs region product x partner,,,,,import,Nantes,Nantes
1740,412,15781864.560791492,0,0,0,Best Guess customs region product x partner,,,,,import,Nantes,Nantes
1741,496,36724337.93325219,0,0,0,Best Guess customs region product x partner,,,,,import,Nantes,Nantes
1742,545,39307931.97446346,0,0,0,Best Guess customs region product x partner,,,,,import,Nantes,Nantes
1743,541,22062463.088638306,0,0,0,Best Guess customs region product x partner,,,,,import,Nantes,Nantes
1744,481,14908209.771154001,0,0,0,Best Guess customs region product x partner,,,,,import,Nantes,Nantes
1745,314,8151658.056047916,0,0,0,Best Guess customs region product x partner,,,,,import,Nantes,Nantes
1746,333,8183454.382382214,0,0,0,Best Guess customs region product x partner,,,,,import,Nantes,Nantes
1749,531,23864124.470351517,0,0,0,Best Guess customs region product x partner,,,,,import,Nantes,Nantes
1750,496,19368854.387716487,0,0,0,Best Guess customs region product x partner,,,,,import,Nantes,Nantes
1755,534,15820236.707483888,0,0,0,Best Guess customs region product x partner,,,,,import,Nantes,Nantes
1756,292,7039868.768955708,0,0,0,Best Guess customs region product x partner,,,,,import,Nantes,Nantes
1758,141,3041718.785045624,0,0,0,Best Guess customs region product x partner,,,,,import,Nantes,Nantes
1759,140,3829024.1614551544,0,0,0,Best Guess customs region product x partner,,,,,import,Nantes,Nantes
1760,191,2325837.7275943756,0,0,0,Best Guess customs region product x partner,,,,,import,Nantes,Nantes
1761,316,2497940.9098193645,0,0,0,Best Guess customs region product x partner,,,,,import,Nantes,Nantes
1762,267,1557436.6544408798,0,0,0,Best Guess customs region product x partner,,,,,import,Nantes,Nantes
1763,533,12612316.600389391,0,0,0,Best Guess customs region product x partner,,,,,import,Nantes,Nantes
1764,549,18930459.15163076,0,0,0,Best Guess customs region product x partner,,,,,import,Nantes,Nantes
1765,416,16108269.947700977,0,0,0,Best Guess customs region product x partner,,,,,import,Nantes,Nantes
1766,380,17623089.957985878,0,0,0,Best Guess customs region product x partner,,,,,import,Nantes,Nantes
1767,371,15138961.644994259,0,0,0,Best Guess customs region product x partner,,,,,import,Nantes,Nantes
1769,347,25702283.348709106,0,0,0,Best Guess customs region product x partner,,,,,import,Nantes,Nantes
1770,324,31402321.612890244,0,0,0,Best Guess customs region product x partner,,,,,import,Nantes,Nantes
1771,322,24093575.341314673,0,0,0,Best Guess customs region product x partner,,,,,import,Nantes,Nantes
1772,366,26390577.738796473,0,0,0,Best Guess customs region product x partner,,,,,import,Nantes,Nantes
1774,309,28423559.336773872,0,0,0,Best Guess customs region product x partner,,,,,import,Nantes,Nantes
1775,313,9274319.790298462,0,0,0,Best Guess customs region product x partner,,,,,import,Nantes,Nantes
1776,391,29713394.821153164,0,0,0,Best Guess customs region product x partner,,,,,import,Nantes,Nantes
1778,588,28386346.6424762,0,0,0,Best Guess customs region product x partner,,,,,import,Nantes,Nantes
1779,316,10201460.904055834,0,0,0,Best Guess customs region product x partner,,,,,import,Nantes,Nantes
1789,741,60842651.625823975,0,0,0,Best Guess customs region product x partner,,,,,import,Nantes,Nantes
1728,618,17488378.992535114,0,0,0,Best Guess customs region product x partner,,,,,export,Nantes,Nantes
1731,792,20666645.62072301,0,0,0,Best Guess customs region product x partner,,,,,export,Nantes,Nantes
1732,700,17976559.358074665,0,0,0,Best Guess customs region product x partner,,,,,export,Nantes,Nantes
1734,732,20475918.021792173,0,0,0,Best Guess customs region product x partner,,,,,export,Nantes,Nantes
1735,780,22926111.119005203,0,0,0,Best Guess customs region product x partner,,,,,export,Nantes,Nantes
1736,693,18401953.80425167,0,0,0,Best Guess customs region product x partner,,,,,export,Nantes,Nantes
1737,674,12288033.248059273,0,0,0,Best Guess customs region product x partner,,,,,export,Nantes,Nantes
1739,764,26523260.897979975,0,0,0,Best Guess customs region product x partner,,,,,export,Nantes,Nantes
1740,679,24370318.336884618,0,0,0,Best Guess customs region product x partner,,,,,export,Nantes,Nantes
1741,807,21331058.261597008,0,0,0,Best Guess customs region product x partner,,,,,export,Nantes,Nantes
1742,837,21751907.357172847,0,0,0,Best Guess customs region product x partner,,,,,export,Nantes,Nantes
1743,782,18381298.49174118,0,0,0,Best Guess customs region product x partner,,,,,export,Nantes,Nantes
1744,600,15799939.750713348,0,0,0,Best Guess customs region product x partner,,,,,export,Nantes,Nantes
1745,518,15907178.762281895,0,0,0,Best Guess customs region product x partner,,,,,export,Nantes,Nantes
1746,459,21069881.63143474,0,0,0,Best Guess customs region product x partner,,,,,export,Nantes,Nantes
1749,652,20546945.127273083,0,0,0,Best Guess customs region product x partner,,,,,export,Nantes,Nantes
1750,574,16387303.17382431,0,0,0,Best Guess customs region product x partner,,,,,export,Nantes,Nantes
1751,570,15755534.825126886,0,0,0,Best Guess customs region product x partner,,,,,export,Nantes,Nantes
1752,577,19488858.306901038,0,0,0,Best Guess customs region product x partner,,,,,export,Nantes,Nantes
1753,634,21939713.321348548,0,0,0,Best Guess customs region product x partner,,,,,export,Nantes,Nantes
1754,672,23458883.591883183,0,0,0,Best Guess customs region product x partner,,,,,export,Nantes,Nantes
1755,575,15021304.718527794,0,0,0,Best Guess customs region product x partner,,,,,export,Nantes,Nantes
1756,295,9667174.281310558,0,0,0,Best Guess customs region product x partner,,,,,export,Nantes,Nantes
1757,237,4984994.264148608,0,0,0,Best Guess customs region product x partner,,,,,export,Nantes,Nantes
1758,163,3497433.005584717,0,0,0,Best Guess customs region product x partner,,,,,export,Nantes,Nantes
1759,116,3223640.0080566406,0,0,0,Best Guess customs region product x partner,,,,,export,Nantes,Nantes
1760,176,4367773.250132799,0,0,0,Best Guess customs region product x partner,,,,,export,Nantes,Nantes
1761,250,9650757.287312746,0,0,0,Best Guess customs region product x partner,,,,,export,Nantes,Nantes
1762,242,4381465.696358442,0,0,0,Best Guess customs region product x partner,,,,,export,Nantes,Nantes
1763,922,14152317.997607708,0,0,0,Best Guess customs region product x partner,,,,,export,Nantes,Nantes
1764,1195,23283306.471292734,0,0,0,Best Guess customs region product x partner,,,,,export,Nantes,Nantes
1765,899,23525006.027242184,0,0,0,Best Guess customs region product x partner,,,,,export,Nantes,Nantes
1766,750,83059919.77984303,0,0,0,Best Guess customs region product x partner,,,,,export,Nantes,Nantes
1767,713,19387334.545555353,0,0,0,Best Guess customs region product x partner,,,,,export,Nantes,Nantes
1768,700,20807669.98472023,0,0,0,Best Guess customs region product x partner,,,,,export,Nantes,Nantes
1769,596,26550353.975069046,0,0,0,Best Guess customs region product x partner,,,,,export,Nantes,Nantes
1770,556,17676386.82147169,0,0,0,Best Guess customs region product x partner,,,,,export,Nantes,Nantes
1771,634,22309768.64943266,0,0,0,Best Guess customs region product x partner,,,,,export,Nantes,Nantes
1772,568,30048185.321059227,0,0,0,Best Guess customs region product x partner,,,,,export,Nantes,Nantes
1774,479,22308568.075848103,0,0,0,Best Guess customs region product x partner,,,,,export,Nantes,Nantes
1776,711,22898403.64595513,0,0,0,Best Guess customs region product x partner,,,,,export,Nantes,Nantes
1778,1843,42094759.76483941,0,0,0,Best Guess customs region product x partner,,,,,export,Nantes,Nantes
1779,508,11855206.271102905,0,0,0,Best Guess customs region product x partner,,,,,export,Nantes,Nantes
1789,1299,44367791.84126854,0,0,0,Best Guess customs region product x partner,,,,,export,Nantes,Nantes
1718,315,14262815.556732655,0,0,0,Best Guess customs region product x partner,,,,,total,Bordeaux,Bordeaux
1719,337,9791678.445399284,0,0,0,Best Guess customs region product x partner,,,,,total,Bordeaux,Bordeaux
1720,617,26143347.38472092,0,0,0,Best Guess customs region product x partner,,,,,total,Bordeaux,Bordeaux
1721,634,24476269.783797503,0,0,0,Best Guess customs region product x partner,,,,,total,Bordeaux,Bordeaux
1723,766,41182519.059625626,0,0,0,Best Guess customs region product x partner,,,,,total,Bordeaux,Bordeaux
1724,706,39003929.62331247,0,0,0,Best Guess customs region product x partner,,,,,total,Bordeaux,Bordeaux
1725,504,30239035.759435654,0,0,0,Best Guess customs region product x partner,,,,,total,Bordeaux,Bordeaux
1726,459,22301467.770775795,0,0,0,Best Guess customs region product x partner,,,,,total,Bordeaux,Bordeaux
1728,565,22648175.44682932,0,0,0,Best Guess customs region product x partner,,,,,total,Bordeaux,Bordeaux
1729,379,20213129.660751343,0,0,0,Best Guess customs region product x partner,,,,,total,Bordeaux,Bordeaux
1730,436,24175041.692468643,0,0,0,Best Guess customs region product x partner,,,,,total,Bordeaux,Bordeaux
1731,372,12933775.951351166,0,0,0,Best Guess customs region product x partner,,,,,total,Bordeaux,Bordeaux
1732,384,20408241.94162655,0,0,0,Best Guess customs region product x partner,,,,,total,Bordeaux,Bordeaux
1733,417,20393264.948135376,0,0,0,Best Guess customs region product x partner,,,,,total,Bordeaux,Bordeaux
1734,419,24703601.634797573,0,0,0,Best Guess customs region product x partner,,,,,total,Bordeaux,Bordeaux
1735,377,19702022.670145035,0,0,0,Best Guess customs region product x partner,,,,,total,Bordeaux,Bordeaux
1736,384,24572683.314920425,0,0,0,Best Guess customs region product x partner,,,,,total,Bordeaux,Bordeaux
1737,444,26113057.69494629,0,0,0,Best Guess customs region product x partner,,,,,total,Bordeaux,Bordeaux
1738,544,35479947.108828545,0,0,0,Best Guess customs region product x partner,,,,,total,Bordeaux,Bordeaux
1739,440,31549552.418549538,0,0,0,Best Guess customs region product x partner,,,,,total,Bordeaux,Bordeaux
1740,531,34215493.81003618,0,0,0,Best Guess customs region product x partner,,,,,total,Bordeaux,Bordeaux
1741,368,16893245.12817192,0,0,0,Best Guess customs region product x partner,,,,,total,Bordeaux,Bordeaux
1742,911,52762324.602469444,0,0,0,Best Guess customs region product x partner,,,,,total,Bordeaux,Bordeaux
1743,918,61082613.44408226,0,0,0,Best Guess customs region product x partner,,,,,total,Bordeaux,Bordeaux
1744,684,46519817.94897461,0,0,0,Best Guess customs region product x partner,,,,,total,Bordeaux,Bordeaux
1745,528,37745629.03819656,0,0,0,Best Guess customs region product x partner,,,,,total,Bordeaux,Bordeaux
1746,658,35852053.17454472,0,0,0,Best Guess customs region product x partner,,,,,total,Bordeaux,Bordeaux
1747,506,41561901.24640465,0,0,0,Best Guess customs region product x partner,,,,,total,Bordeaux,Bordeaux
1748,680,32208934.508347034,0,0,0,Best Guess customs region product x partner,,,,,total,Bordeaux,Bordeaux
1749,744,67491695.63849366,0,0,0,Best Guess customs region product x partner,,,,,total,Bordeaux,Bordeaux
1750,754,58859614.457719564,0,0,0,Best Guess customs region product x partner,,,,,total,Bordeaux,Bordeaux
1751,708,60095279.15152383,0,0,0,Best Guess customs region product x partner,,,,,total,Bordeaux,Bordeaux
1752,1057,92987045.79966116,0,0,0,Best Guess customs region product x partner,,,,,total,Bordeaux,Bordeaux
1753,903,128147798.44575977,0,0,0,Best Guess customs region product x partner,,,,,total,Bordeaux,Bordeaux
1754,861,121966756.18157864,0,0,0,Best Guess customs region product x partner,,,,,total,Bordeaux,Bordeaux
1755,566,70406284.21044207,0,0,0,Best Guess customs region product x partner,,,,,total,Bordeaux,Bordeaux
1756,519,48940497.36761999,0,0,0,Best Guess customs region product x partner,,,,,total,Bordeaux,Bordeaux
1757,554,39823112.574691296,0,0,0,Best Guess customs region product x partner,,,,,total,Bordeaux,Bordeaux
1758,432,31759352.66110134,0,0,0,Best Guess customs region product x partner,,,,,total,Bordeaux,Bordeaux
1759,463,31879684.817067146,0,0,0,Best Guess customs region product x partner,,,,,total,Bordeaux,Bordeaux
1760,424,31965376.00743866,0,0,0,Best Guess customs region product x partner,,,,,total,Bordeaux,Bordeaux
1761,500,32110333.678966284,0,0,0,Best Guess customs region product x partner,,,,,total,Bordeaux,Bordeaux
1762,466,33747414.078228,0,0,0,Best Guess customs region product x partner,,,,,total,Bordeaux,Bordeaux
1763,531,42108656.25439584,0,0,0,Best Guess customs region product x partner,,,,,total,Bordeaux,Bordeaux
1764,200,68010327.40511513,0,0,0,Best Guess customs region product x partner,,,,,total,Bordeaux,Bordeaux
1765,433,73105567.12849712,0,0,0,Best Guess customs region product x partner,,,,,total,Bordeaux,Bordeaux
1766,419,73181925.24688148,0,0,0,Best Guess customs region product x partner,,,,,total,Bordeaux,Bordeaux
1767,401,83484634.49502563,0,0,0,Best Guess customs region product x partner,,,,,total,Bordeaux,Bordeaux
1768,389,66384779.22394562,0,0,0,Best Guess customs region product x partner,,,,,total,Bordeaux,Bordeaux
1769,432,115393224.94567204,0,0,0,Best Guess customs region product x partner,,,,,total,Bordeaux,Bordeaux
1770,426,213694562.41269302,0,0,0,Best Guess customs region product x partner,,,,,total,Bordeaux,Bordeaux
1771,230,93415459.19126487,0,0,0,Best Guess customs region product x partner,,,,,total,Bordeaux,Bordeaux
1772,360,151582963.069252,0,0,0,Best Guess customs region product x partner,,,,,total,Bordeaux,Bordeaux
1773,414,144954494.22523022,0,0,0,Best Guess customs region product x partner,,,,,total,Bordeaux,Bordeaux
1774,436,124391555.02758789,0,0,0,Best Guess customs region product x partner,,,,,total,Bordeaux,Bordeaux
1775,415,122460883.23160172,0,0,0,Best Guess customs region product x partner,,,,,total,Bordeaux,Bordeaux
1776,472,143614739.6578455,0,0,0,Best Guess customs region product x partner,,,,,total,Bordeaux,Bordeaux
1777,451,217388523.72790527,0,0,0,Best Guess customs region product x partner,,,,,total,Bordeaux,Bordeaux
1778,432,200484754.9836769,0,0,0,Best Guess customs region product x partner,,,,,total,Bordeaux,Bordeaux
1780,260,32531869.886663437,0,0,0,Best Guess customs region product x partner,,,,,total,Bordeaux,Bordeaux
1789,2826,250000911.1294098,0,0,0,Best Guess customs region product x partner,,,,,total,Bordeaux,Bordeaux
1719,337,9791678.445399284,0,0,0,Best Guess customs region product x partner,,,,,import,Bordeaux,Bordeaux
1720,308,10936540.606874943,0,0,0,Best Guess customs region product x partner,,,,,import,Bordeaux,Bordeaux
1721,389,9077154.385876894,0,0,0,Best Guess customs region product x partner,,,,,import,Bordeaux,Bordeaux
1723,463,14668052.29873848,0,0,0,Best Guess customs region product x partner,,,,,import,Bordeaux,Bordeaux
1724,463,17797117.36598444,0,0,0,Best Guess customs region product x partner,,,,,import,Bordeaux,Bordeaux
1725,313,10938507.430988312,0,0,0,Best Guess customs region product x partner,,,,,import,Bordeaux,Bordeaux
1726,241,8896837.147362709,0,0,0,Best Guess customs region product x partner,,,,,import,Bordeaux,Bordeaux
1728,283,9850310.972123623,0,0,0,Best Guess customs region product x partner,,,,,import,Bordeaux,Bordeaux
1729,173,8232567.986122131,0,0,0,Best Guess customs region product x partner,,,,,import,Bordeaux,Bordeaux
1730,228,12221406.948503494,0,0,0,Best Guess customs region product x partner,,,,,import,Bordeaux,Bordeaux
1731,245,9654827.2991333,0,0,0,Best Guess customs region product x partner,,,,,import,Bordeaux,Bordeaux
1732,208,10587350.339209557,0,0,0,Best Guess customs region product x partner,,,,,import,Bordeaux,Bordeaux
1733,230,10212315.468334198,0,0,0,Best Guess customs region product x partner,,,,,import,Bordeaux,Bordeaux
1734,220,9705263.04538536,0,0,0,Best Guess customs region product x partner,,,,,import,Bordeaux,Bordeaux
1735,178,9054886.461406708,0,0,0,Best Guess customs region product x partner,,,,,import,Bordeaux,Bordeaux
1736,178,11029223.332267761,0,0,0,Best Guess customs region product x partner,,,,,import,Bordeaux,Bordeaux
1737,194,12091027.076156616,0,0,0,Best Guess customs region product x partner,,,,,import,Bordeaux,Bordeaux
1738,226,14163970.29865551,0,0,0,Best Guess customs region product x partner,,,,,import,Bordeaux,Bordeaux
1739,188,12525634.893277168,0,0,0,Best Guess customs region product x partner,,,,,import,Bordeaux,Bordeaux
1740,218,15215823.995636463,0,0,0,Best Guess customs region product x partner,,,,,import,Bordeaux,Bordeaux
1741,368,16893245.12817192,0,0,0,Best Guess customs region product x partner,,,,,import,Bordeaux,Bordeaux
1742,358,19306091.27490902,0,0,0,Best Guess customs region product x partner,,,,,import,Bordeaux,Bordeaux
1743,353,22053274.61632538,0,0,0,Best Guess customs region product x partner,,,,,import,Bordeaux,Bordeaux
1744,330,18768215.923477173,0,0,0,Best Guess customs region product x partner,,,,,import,Bordeaux,Bordeaux
1745,282,17239608.727100372,0,0,0,Best Guess customs region product x partner,,,,,import,Bordeaux,Bordeaux
1746,311,11962451.296737105,0,0,0,Best Guess customs region product x partner,,,,,import,Bordeaux,Bordeaux
1747,239,20593033.433526993,0,0,0,Best Guess customs region product x partner,,,,,import,Bordeaux,Bordeaux
1748,388,12264367.441811085,0,0,0,Best Guess customs region product x partner,,,,,import,Bordeaux,Bordeaux
1749,370,29675317.457570195,0,0,0,Best Guess customs region product x partner,,,,,import,Bordeaux,Bordeaux
1750,360,25152869.964051962,0,0,0,Best Guess customs region product x partner,,,,,import,Bordeaux,Bordeaux
1751,364,26737232.48575616,0,0,0,Best Guess customs region product x partner,,,,,import,Bordeaux,Bordeaux
1752,389,26313651.39997244,0,0,0,Best Guess customs region product x partner,,,,,import,Bordeaux,Bordeaux
1753,367,31241378.301695347,0,0,0,Best Guess customs region product x partner,,,,,import,Bordeaux,Bordeaux
1754,327,31255901.066218376,0,0,0,Best Guess customs region product x partner,,,,,import,Bordeaux,Bordeaux
1755,332,28538402.26216936,0,0,0,Best Guess customs region product x partner,,,,,import,Bordeaux,Bordeaux
1756,307,16705121.224610806,0,0,0,Best Guess customs region product x partner,,,,,import,Bordeaux,Bordeaux
1757,321,11011190.57124281,0,0,0,Best Guess customs region product x partner,,,,,import,Bordeaux,Bordeaux
1758,265,4681610.681452274,0,0,0,Best Guess customs region product x partner,,,,,import,Bordeaux,Bordeaux
1759,308,8256959.73637867,0,0,0,Best Guess customs region product x partner,,,,,import,Bordeaux,Bordeaux
1760,276,8626459.764903069,0,0,0,Best Guess customs region product x partner,,,,,import,Bordeaux,Bordeaux
1761,339,11761993.95011878,0,0,0,Best Guess customs region product x partner,,,,,import,Bordeaux,Bordeaux
1762,301,8980650.321041107,0,0,0,Best Guess customs region product x partner,,,,,import,Bordeaux,Bordeaux
1763,303,15484627.166627288,0,0,0,Best Guess customs region product x partner,,,,,import,Bordeaux,Bordeaux
1765,235,12208544.614886284,0,0,0,Best Guess customs region product x partner,,,,,import,Bordeaux,Bordeaux
1766,228,25701500.560480118,0,0,0,Best Guess customs region product x partner,,,,,import,Bordeaux,Bordeaux
1767,211,28239948.992523193,0,0,0,Best Guess customs region product x partner,,,,,import,Bordeaux,Bordeaux
1768,188,18740052.797035217,0,0,0,Best Guess customs region product x partner,,,,,import,Bordeaux,Bordeaux
1769,216,59462169.09163761,0,0,0,Best Guess customs region product x partner,,,,,import,Bordeaux,Bordeaux
1770,220,120965563.11725235,0,0,0,Best Guess customs region product x partner,,,,,import,Bordeaux,Bordeaux
1771,230,93415459.19126487,0,0,0,Best Guess customs region product x partner,,,,,import,Bordeaux,Bordeaux
1772,147,71456679.75199127,0,0,0,Best Guess customs region product x partner,,,,,import,Bordeaux,Bordeaux
1773,213,75613889.10462475,0,0,0,Best Guess customs region product x partner,,,,,import,Bordeaux,Bordeaux
1774,177,60394668.16686249,0,0,0,Best Guess customs region product x partner,,,,,import,Bordeaux,Bordeaux
1775,200,47402819.8539772,0,0,0,Best Guess customs region product x partner,,,,,import,Bordeaux,Bordeaux
1776,193,65286989.58002567,0,0,0,Best Guess customs region product x partner,,,,,import,Bordeaux,Bordeaux
1777,200,120227951.94250488,0,0,0,Best Guess customs region product x partner,,,,,import,Bordeaux,Bordeaux
1778,200,132324430.74135971,0,0,0,Best Guess customs region product x partner,,,,,import,Bordeaux,Bordeaux
1780,260,32531869.886663437,0,0,0,Best Guess customs region product x partner,,,,,import,Bordeaux,Bordeaux
1789,647,119587955.89012909,0,0,0,Best Guess customs region product x partner,,,,,import,Bordeaux,Bordeaux
1718,315,14262815.556732655,0,0,0,Best Guess customs region product x partner,,,,,export,Bordeaux,Bordeaux
1720,309,15206806.777845979,0,0,0,Best Guess customs region product x partner,,,,,export,Bordeaux,Bordeaux
1721,245,15399115.397920609,0,0,0,Best Guess customs region product x partner,,,,,export,Bordeaux,Bordeaux
1723,303,26514466.760887146,0,0,0,Best Guess customs region product x partner,,,,,export,Bordeaux,Bordeaux
1724,243,21206812.257328033,0,0,0,Best Guess customs region product x partner,,,,,export,Bordeaux,Bordeaux
1725,191,19300528.328447342,0,0,0,Best Guess customs region product x partner,,,,,export,Bordeaux,Bordeaux
1726,218,13404630.623413086,0,0,0,Best Guess customs region product x partner,,,,,export,Bordeaux,Bordeaux
1728,282,12797864.474705696,0,0,0,Best Guess customs region product x partner,,,,,export,Bordeaux,Bordeaux
1729,206,11980561.674629211,0,0,0,Best Guess customs region product x partner,,,,,export,Bordeaux,Bordeaux
1730,208,11953634.743965149,0,0,0,Best Guess customs region product x partner,,,,,export,Bordeaux,Bordeaux
1731,127,3278948.652217865,0,0,0,Best Guess customs region product x partner,,,,,export,Bordeaux,Bordeaux
1732,176,9820891.602416992,0,0,0,Best Guess customs region product x partner,,,,,export,Bordeaux,Bordeaux
1733,187,10180949.479801178,0,0,0,Best Guess customs region product x partner,,,,,export,Bordeaux,Bordeaux
1734,199,14998338.589412212,0,0,0,Best Guess customs region product x partner,,,,,export,Bordeaux,Bordeaux
1735,199,10647136.208738327,0,0,0,Best Guess customs region product x partner,,,,,export,Bordeaux,Bordeaux
1736,206,13543459.982652664,0,0,0,Best Guess customs region product x partner,,,,,export,Bordeaux,Bordeaux
1737,250,14022030.618789673,0,0,0,Best Guess customs region product x partner,,,,,export,Bordeaux,Bordeaux
1738,318,21315976.810173035,0,0,0,Best Guess customs region product x partner,,,,,export,Bordeaux,Bordeaux
1739,252,19023917.52527237,0,0,0,Best Guess customs region product x partner,,,,,export,Bordeaux,Bordeaux
1740,313,18999669.81439972,0,0,0,Best Guess customs region product x partner,,,,,export,Bordeaux,Bordeaux
1742,553,33456233.327560425,0,0,0,Best Guess customs region product x partner,,,,,export,Bordeaux,Bordeaux
1743,565,39029338.82775688,0,0,0,Best Guess customs region product x partner,,,,,export,Bordeaux,Bordeaux
1744,354,27751602.025497437,0,0,0,Best Guess customs region product x partner,,,,,export,Bordeaux,Bordeaux
1745,246,20506020.31109619,0,0,0,Best Guess customs region product x partner,,,,,export,Bordeaux,Bordeaux
1746,347,23889601.877807617,0,0,0,Best Guess customs region product x partner,,,,,export,Bordeaux,Bordeaux
1747,267,20968867.812877655,0,0,0,Best Guess customs region product x partner,,,,,export,Bordeaux,Bordeaux
1748,292,19944567.06653595,0,0,0,Best Guess customs region product x partner,,,,,export,Bordeaux,Bordeaux
1749,374,37816378.18092346,0,0,0,Best Guess customs region product x partner,,,,,export,Bordeaux,Bordeaux
1750,394,33706744.4936676,0,0,0,Best Guess customs region product x partner,,,,,export,Bordeaux,Bordeaux
1751,344,33358046.66576767,0,0,0,Best Guess customs region product x partner,,,,,export,Bordeaux,Bordeaux
1752,668,66673394.39968872,0,0,0,Best Guess customs region product x partner,,,,,export,Bordeaux,Bordeaux
1753,536,96906420.14406443,0,0,0,Best Guess customs region product x partner,,,,,export,Bordeaux,Bordeaux
1754,534,90710855.11536026,0,0,0,Best Guess customs region product x partner,,,,,export,Bordeaux,Bordeaux
1755,234,41867881.948272705,0,0,0,Best Guess customs region product x partner,,,,,export,Bordeaux,Bordeaux
1756,212,32235376.143009186,0,0,0,Best Guess customs region product x partner,,,,,export,Bordeaux,Bordeaux
1757,233,28811922.003448486,0,0,0,Best Guess customs region product x partner,,,,,export,Bordeaux,Bordeaux
1758,167,27077741.979649067,0,0,0,Best Guess customs region product x partner,,,,,export,Bordeaux,Bordeaux
1759,155,23622725.080688477,0,0,0,Best Guess customs region product x partner,,,,,export,Bordeaux,Bordeaux
1760,148,23338916.24253559,0,0,0,Best Guess customs region product x partner,,,,,export,Bordeaux,Bordeaux
1761,161,20348339.728847504,0,0,0,Best Guess customs region product x partner,,,,,export,Bordeaux,Bordeaux
1762,165,24766763.75718689,0,0,0,Best Guess customs region product x partner,,,,,export,Bordeaux,Bordeaux
1763,228,26624029.087768555,0,0,0,Best Guess customs region product x partner,,,,,export,Bordeaux,Bordeaux
1764,200,68010327.40511513,0,0,0,Best Guess customs region product x partner,,,,,export,Bordeaux,Bordeaux
1765,198,60897022.51361084,0,0,0,Best Guess customs region product x partner,,,,,export,Bordeaux,Bordeaux
1766,191,47480424.68640137,0,0,0,Best Guess customs region product x partner,,,,,export,Bordeaux,Bordeaux
1767,190,55244685.50250244,0,0,0,Best Guess customs region product x partner,,,,,export,Bordeaux,Bordeaux
1768,201,47644726.4269104,0,0,0,Best Guess customs region product x partner,,,,,export,Bordeaux,Bordeaux
1769,216,55931055.854034424,0,0,0,Best Guess customs region product x partner,,,,,export,Bordeaux,Bordeaux
1770,206,92728999.29544067,0,0,0,Best Guess customs region product x partner,,,,,export,Bordeaux,Bordeaux
1772,213,80126283.31726074,0,0,0,Best Guess customs region product x partner,,,,,export,Bordeaux,Bordeaux
1773,201,69340605.12060547,0,0,0,Best Guess customs region product x partner,,,,,export,Bordeaux,Bordeaux
1774,259,63996886.8607254,0,0,0,Best Guess customs region product x partner,,,,,export,Bordeaux,Bordeaux
1775,215,75058063.37762451,0,0,0,Best Guess customs region product x partner,,,,,export,Bordeaux,Bordeaux
1776,279,78327750.07781982,0,0,0,Best Guess customs region product x partner,,,,,export,Bordeaux,Bordeaux
1777,251,97160571.78540039,0,0,0,Best Guess customs region product x partner,,,,,export,Bordeaux,Bordeaux
1778,232,68160324.2423172,0,0,0,Best Guess customs region product x partner,,,,,export,Bordeaux,Bordeaux
1789,2179,130412955.2392807,0,0,0,Best Guess customs region product x partner,,,,,export,Bordeaux,Bordeaux